USE cadastroDeAlunos;

INSERT INTO cursos (nomes, coordenadores) VALUES 
('Ciência da Computação', 'Savino Morgara'), 
('Engenharia Biomédica', 'Gabriela Moraz'), 
('Sistemas de Informação', 'Ricardo Teixeira'), 
('Jogos Digitais', 'David Lacerda'), 
('Design', 'Rafael Santos'), 
('Engenharia de Software', 'Lúcia Santos'),
('Física Computacional', 'Renato Silva'),
('Matemática Aplicada', 'Fernanda Gomes'),
('Engenharia Elétrica', 'Roberto Silva'),
('Análise de Sistemas', 'Mariana Oliveira');

INSERT INTO disciplinas (nome, professor, situacao, cursos_id) VALUES 
('Programação', 'Julio', 'Cursando', 1),
('Matemática', 'Maria Inez', 'Cursando', 1),
('Cálculo 1', 'Lydia', 'Cursando', 1),
('Projeto de Software', 'Ítalo', 'Cursando', 1),
('Algoritmos', 'Lisbete', 'Cursando', 3),
('Banco de Dados', 'Ricardo', 'Cursando', 3),
('Estrutura de Dados', 'Camila', 'Aprovado', 2),
('Sistemas Operacionais', 'Carlos', 'Reprovado', 1),
('Redes de Computadores', 'Jorge', 'Cursando', 2),
('Inteligência Artificial', 'Ana', 'Cursando', 1);

INSERT INTO matriculas (ativa) VALUES 
(1),
(1),
(1),
(1),
(1),
(0),
(0),
(1),
(1),
(0),
(1),
(0),
(1),
(1),
(0),
(1),
(1),
(0),
(1),
(1),
(1),
(0),
(1),
(1),
(0),
(1),
(0),
(1),
(1),
(0),
(1),
(0),
(1),
(1),
(0),
(1),
(1),
(0),
(1),
(0),
(1),
(1),
(0),
(1),
(0),
(1),
(1),
(1),
(0),
(1),
(1),
(0),
(1),
(1),
(0),
(1),
(0),
(1),
(0),
(1),
(1);

INSERT INTO alunos (ra, nome, curso, matriculas_id) VALUES 
('00318945', 'Caio Pereira', '5', 1),
('00319034', 'Ricardo Lafaiete', '4', 2),
('00456789', 'Pedro Loos', '3', 3),
('00189843', 'Gabriel Monteiro', '5', 4),
('00236792', 'Júlia Gashido', '3', 5),
('00985412', 'Rebeca Andrade', '7', 6),
('00766678', 'Julio Nobre', '2', 7),
('53434221', 'Jorge dos Santos', '2', 8),
('79694321', 'Amanda Regina', '3', 9),
('12355677', 'Luis Fernando', '1', 10),
('12345678', 'Paulo Silva', '1', 11),
('97654321', 'Mariana Souza', '2', 12),
('12398745', 'Clara Mendes', '3', 13),
('56789432', 'Thiago Oliveira', '4', 14),
('09876143', 'Juliana Lima', '5', 15),
('34567890', 'Felipe Alves', '6', 16),
('23456789', 'Ana Pereira', '7', 17),
('87654320', 'Roberto Costa', '8', 18),
('23487654', 'Beatriz Santos', '9', 19),
('09573210', 'Eduardo Gomes', '10', 20),
('56781234', 'Leonardo Martins', '2', 21),
('23456123', 'Sofia Almeida', '3', 22),
('34561234', 'Vinícius Torres', '4', 23),
('45612345', 'Camila Rocha', '5', 24),
('67812345', 'Gabriel Pires', '1', 25),
('78923456', 'Laura Ferreira', '2', 26),
('89034567', 'Eduardo Lima', '3', 27),
('90145678', 'Rafaela Costa', '4', 28),
('12367890', 'Fernando Ribeiro', '5', 29),
('23478901', 'Amanda Pimentel', '6', 30),
('09876543', 'Isabela Santos', '1', 31),
('32109876', 'Thiago Almeida', '2', 32),
('54321098', 'Fernanda Lopes', '3', 33),
('76543210', 'Carlos Eduardo', '4', 34),
('87654321', 'Monique Rios', '5', 35),
('01234567', 'Gustavo Ramos', '1', 36),
('43456789', 'Mariana Silveira', '3', 37),
('34567899', 'Rogério Silva', '2', 38),
('45678901', 'Aline Costa', '4', 39),
('56789012', 'Patrícia Freitas', '5', 40),
('67890123', 'Pedro Almeida', '6', 41),
('78901234', 'Roberto Fernandes', '1', 42),
('89012345', 'Tânia Martins', '2', 43),
('90123456', 'Juliana Nascimento', '3', 44),
('01234578', 'Ricardo Gomes', '4', 45),
('12345679', 'Alice Mendes', '5', 46),
('23456780', 'Felipe Araújo', '1', 47),
('34567891', 'Lúcia Martins', '3', 48),
('45678902', 'Vinícius Teixeira', '2', 49),
('56789013', 'Tatiane Costa', '4', 50);

INSERT INTO turmas (ra, disciplinas_id) VALUES 
('00318945', 1),
('00319034', 2),
('00456789', 3),
('00189843', 4),
('00236792', 5),
('00985412', 6),
('00766678', 7),
('53434221', 8),
('79694321', 9),
('12355677', 10),
('12345678', 1),
('97654321', 2),
('12398745', 3),
('56789432', 4),
('09876143', 5),
('34567890', 6),
('23456789', 7),
('87654320', 8),
('23487654', 9),
('09573210', 10),
('56781234', 1),
('23456123', 2),
('34561234', 3),
('45612345', 4),
('67812345', 5),
('78923456', 6),
('89034567', 7),
('90145678', 8),
('12367890', 9),
('23478901', 10);

INSERT INTO disciplinas_alunos (disciplinas_id, alunos_ra, notas) VALUES
(1, '00318945', 7.5),
(1, '00319034', 6.0),
(2, '00456789', 8.3),
(2, '00189843', 5.8),
(2, '00236792', 6.5),
(3, '00985412', 8.0),
(3, '00766678', 4.9),
(4, '53434221', 9.1),
(4, '79694321', 7.2),
(5, '12355677', 5.5),
(1, '12345678', 8.0),
(1, '97654321', 9.0),
(2, '12398745', 8.5),
(2, '56789432', 7.0),
(3, '09876143', 6.5),
(3, '34567890', 7.8),
(4, '23456789', 8.2),
(4, '87654320', 9.1),
(5, '23487654', 5.9),
(5, '09573210', 6.8),
(1, '56781234', 7.5),
(1, '23456123', 8.7),
(2, '34561234', 6.4),
(2, '45612345', 7.3),
(3, '67812345', 8.9),
(3, '78923456', 5.8),
(4, '89034567', 7.5),
(4, '90145678', 9.0),
(5, '12367890', 6.9),
(5, '23478901', 8.1),
(6, '09876543', 8.4),
(6, '32109876', 7.6),
(7, '54321098', 5.7),
(7, '76543210', 9.1),
(8, '87654321', 6.3),
(8, '01234567', 8.8),
(9, '23456789', 7.4),
(9, '34567890', 9.0),
(10, '45678901', 5.5),
(10, '56789012', 6.9),
(1, '67890123', 8.1),
(1, '78901234', 7.3),
(2, '89012345', 9.4),
(2, '90123456', 6.5),
(3, '01234578', 7.2),
(3, '12345679', 8.6),
(4, '23456780', 5.8),
(4, '34567891', 9.3),
(5, '45678902', 6.7),
(5, '56789013', 7.8);